tfwScriptingExceptions;SysUtils
tfwInitedDictionariesListIterator;tfwInitedDictionariesList;tfwScriptingInterfaces;tfwIteratableParent;l3PureMixIns;SysUtils;tfwDictionary
ItfwCompilerWordsPack;tfwScriptingInterfaces;tfwClassLike;tfwScriptingTypes;TypInfo;SysUtils;tfwTypeRegistrator
TypeInfoPack;l3Interfaces;tfwScriptingInterfaces;tfwRegisterableWord;tfwMainDictionary;tfwAxiomaticsResNameGetter;tfwScriptingTypes;tfwTypeInfo;tfwClassLike;l3String;tfwScriptEngineExInterfaces;tfwStandardDictionaries;tfwStandardDictionaryListIterator;tfwInitedDictionariesListIterator;tfwDictionaryListIterator;tfwWordsIterator;TypInfo;SysUtils;tfwTypeRegistrator
kwWStringVarRSplitTo;tfwVarWorker;kwCompiledVarWorker;kwCompiledWStringVarRSplitTo
kwInclude;tfwIncludeLike;tfwScriptingInterfaces;kwIncluded;l3String
tfwWordRefList;l3ProtoDataContainer;tfwScriptingInterfaces;l3Types;l3Memory;l3Interfaces;l3Core;l3Except;Classes;l3Base;l3MinMax;RTLConsts;SysUtils
tfwIntegerConstantRegistrator;tfwInteger;SysUtils
kwCompiledWStringVarSplitTo;kwCompiledVarAsStringWorker;tfwScriptingInterfaces;l3Types;l3Interfaces;l3String
ItfwParserWordsPack;l3Interfaces;l3Parser;tfwScriptingInterfaces;tfwParserInterfaces;tfwClassLike;ItfwKeywordFinderWordsPack;tfwScriptingTypes;TypInfo;SysUtils;tfwTypeRegistrator
tfwStringToEnumValue;TypInfo;tfwRegisterableWordPrim;tfwScriptingInterfaces;SysUtils
WordsDefinitionPack;tfwProcedure;kwCompiledFunction;SysUtils;l3Base;tfwScriptingInterfaces;kwCompiledWordPrim;l3Interfaces;tfwScriptingTypes
tfwScriptingTypes;TypInfo;tfwScriptingExceptions;tfwTypeInfo;l3Interfaces;tfwValueTypes;l3Base;l3String;tfwScriptingInterfaces
kwCompiledWordPrimPrim;tfwScriptingInterfaces;tfwKeyWordPrim;kwSourcePointWord
tfwScriptingInterfaces;l3Interfaces;l3Types;l3PureMixIns;l3EtalonsWorking;tfwParserInterfaces;tfwScriptingTypes;tfwScriptingExceptions;tfwTypeInfo;Types;TypInfo;SysUtils;l3ProtoObject;tfwDictionaryPrim;tfwCStringFactory;tfwKeyWordPrim;tfwStreamFactory;l3Variant;tfwValueTypes;tfwWordInfoWordsPack;StrUtils;l3Parser;tfwClassRef;ArrayProcessingPack;BasicsPack;FileProcessingPack;SysUtilsPack;WordsRTTIPack;l3Base;l3String;kwForwardDeclaration;KeyWordPack;ItfwKeywordFinderWordsPack;ItfwCompilerWordsPack;tfwWordInfoCache;NewWordDefinitorPack
tfwMainDictionaryList;tfwMainDictionary;l3ProtoDataContainer;l3Types;l3Memory;l3Interfaces;l3Core;l3Except;Classes;tfwDictionaryExPrim;l3String;l3Base;l3MinMax;RTLConsts;SysUtils
tfwWordInfoWordsPack;l3Interfaces;tfwScriptingInterfaces;tfwValueTypes;tfwClassLike;tfwScriptingTypes;tfwTypeInfo;TypInfo;SysUtils;tfwTypeRegistrator
kwMouseMiddleDown;kwMouseUpDownSupport;Windows
Consts
l3ProtoDataContainer
tfwRTTITypeInfoList;TypInfo;l3ProtoDataContainer;l3Types;l3Memory;l3Interfaces;l3Core;l3Except;Classes;l3Base;l3MinMax;RTLConsts;SysUtils
tfwWordInfoListPrim;l3ProtoDataContainer;tfwScriptingInterfaces;l3Types;l3Memory;l3Interfaces;l3Core;l3Except;Classes;l3Base;l3MinMax;RTLConsts;SysUtils
l3ProtoObject
ItfwScriptEngineWordsPack;tfwScriptingInterfaces;tfwDictionaryEx;tfwClassLike;l3Interfaces;l3Variant;tfwTypeInfo;Types;tfwDictionaryPrim;tfwDictionaryExWordsPack;tfwScriptingTypes;TypInfo;SysUtils;tfwTypeRegistrator
kwMouseLeftUp;kwMouseUpDownSupport;Windows
l3Core
kwIntegerArray;kwIntegerList;l3Base
kwCompiledWordWorker;tfwScriptingInterfaces;kwSourcePointWord;SysUtils;l3Base
Clipbrd
tfwDictionaryCachePrim;tfwDictionaryEx;l3ProtoDataContainer;l3Types;l3Memory;l3Interfaces;l3Core;l3Except;Classes;tfwDictionaryExPrim;l3String;l3Base;l3MinMax;RTLConsts;SysUtils
tfwScriptEngine;tfwScriptingInterfaces;tfwStreamFactory;tfwFileStreamFactory;tfwStringStreamFactory;SysUtils;l3Chars;TypInfo;l3String;l3Types;kwEmitString;kwTryFinally;kwMain;kwCompiledWord;l3Base;tfwAutoregisteredDiction;tfwParser
kwCompiledWordWorkerWordPack;tfwScriptingInterfaces;kwCompiledWordWorkerWord;tfwClassLike;tfwScriptingTypes;TypInfo;SysUtils;tfwTypeRegistrator
tfwScriptEngineEX;tfwScriptEngine;tfwStringWords;CodeFlowWordsPack;CompilationPack;WordsDefinitionPack;IncludesAndUsesPack;EtalonsWorkingPack;MouseInputPack;ModalDialogsKeywordsPack;RTTIPack;KeyboardInputPack;ObjectFromstackWords;CodeBranchingPack;ScriptsCompilingAndProcessingPack;WinUtilsPack
IncludesAndUsesPack;tfwIncludeLike;kwUsesLike;kwInclude;kwUses;kwINCLUDES;kwIncludesInChildren;kwIncluded;l3String;kwInnerIncluded;kwInnerIncludedInChildren;kwCompiledProcedure;kwCompiledWord;kwCompiledWordPrim;SysUtils;tfwScriptingTypes
kwWaitChoice;tfwRegisterableWord;tfwScriptingInterfaces;l3BatchService;Controls
kwIfElse;tfwWordWorker;tfwScriptingInterfaces;kwCompiledWordPrim;kwCompiledWordWorker;kwCompiledIfElse;kwTemporaryCompiledCode
tfwIl3CStringPack;l3Interfaces;tfwScriptingInterfaces;tfwVarWorker;tfwRegisterableWord;tfwAxiomaticsResNameGetter;tfwClassLike;l3String;l3Types;l3Chars;tfwScriptingTypes;TypInfo;SysUtils;tfwTypeRegistrator
l3ImageUtils
kwCompiledWordPrim;tfwScriptingInterfaces;tfwWordRefList;tfwKeyWordPrim;kwCompiledWordPrimPrim;SysUtils
tfwDictionaryCache;l3Interfaces;tfwDictionaryCachePrim;l3Types;l3Base;tfwMainDictionaryCache;l3String
tfwStoredValues;l3ProtoDataContainer;tfwScriptingInterfaces;l3Memory;l3Interfaces;l3Types;l3Core;l3Except;Classes;l3PureMixIns;kwCompiledVar;l3Base;l3MinMax;RTLConsts;SysUtils
kwPopObjectGetObjProp;kwObjectFromStackWord;tfwScriptingInterfaces;TypInfo
tfwAxiomaticsResNameGetterList;l3ProtoDataContainer;tfwAxiomaticsResNameGetter;l3Types;l3Memory;l3Interfaces;l3Core;l3Except;Classes;l3Base;l3MinMax;RTLConsts;SysUtils
tfwMembersIterator;tfwScriptingInterfaces;tfwDictionaryPrim;tfwMembersIteratorPrim;l3PureMixIns;SysUtils
kwFINALLY;kwMedianBacket
kwWStringVarPushCharAndInc;tfwVarWorker;kwCompiledVarWorker;kwCompiledWStringVarPushCharAndInc
tfwAutoregisteredDiction;l3Interfaces;tfwDictionaryEx;tfwStandardDictionary;tfwScriptingInterfaces;l3Base;tfwCStringFactory;tfwStandardDictionaries;l3String;SysUtils;l3Chars
Graphics
kwUsesLike;tfwIncludeLike;tfwScriptingInterfaces;kwStandardProcedureCloseBracket;l3String
ScriptsCompilingAndProcessingPack;kwScriptCompileAndProcess;tfwScriptingTypes
kwPopClassInherits;tfwRegisterableWord;tfwScriptingInterfaces;SysUtils
kwBracketBegin;tfwBeginLikeWord;tfwScriptingInterfaces;kwBracketEnd
kwMainCodeController;tfwScriptingInterfaces;kwMain;SysUtils
kwIncluded;kwIncludedPrim;tfwScriptingInterfaces;l3Parser;SysUtils;l3Filer;l3Types;l3Chars;kwCompiledIncluded;l3Base;tfwFileStreamFactory
tfwWStrWord;l3Interfaces;tfwScriptingInterfaces;tfwSysUtilsWord;l3String;SysUtils;l3Base
ObjectFromstackWords;tfwAxiomaticsResNameGetter;kwPopObjectInherits;kwPopObjectIsNil;kwPopObjectClassName;kwPopClassInherits;tfwScriptingTypes
tfwStandardDictionaryListIterator;tfwStandardDictionaryList;tfwScriptingInterfaces;tfwIteratableParent;l3PureMixIns;SysUtils;tfwDictionary
l3Parser
StrUtils
l3Chars
ItfwKeywordFinderWordsPack;l3Interfaces;tfwScriptingInterfaces;tfwClassLike;tfwScriptingTypes;TypInfo;SysUtils;tfwTypeRegistrator
Messages
SysUtils
tfwDualWord;tfwScriptingInterfaces;tfwAnonimousWord;kwDualCompiledWordContainer;kwCompiledWordPrim;SysUtils
kwEND;kwCloseBracket
l3MessagesService
kwMouseGetCursorNameByIndex;tfwRegisterableWord;tfwScriptingInterfaces;Classes;Controls
kwIntegerFactory;kwInteger;kwIntegerArray;l3Base;SysUtils
kwCASE;tfwBeginLikeWord;tfwScriptingInterfaces;kwCompiledWordPrim;kwEND;kwCompiledCase
kwWordPtrPushWord;kwWordPtrWorker;tfwScriptingInterfaces;l3Interfaces
tfwSourcePointList;l3ProtoDataContainer;tfwScriptingInterfaces;l3Memory;l3Interfaces;l3Types;l3Core;l3Except;Classes;l3Base;l3MinMax;RTLConsts;SysUtils
tfwCStringArraySing2;tfwCStringArray;l3Base
WordsRTTIPack;l3Interfaces;tfwDictionary;tfwScriptingInterfaces;tfwAxiomaticsResNameGetter;tfwClassLike;seWordsInfo;tfwMembersIterator;kwForwardDeclaration;tfwCodeIterator;kwCompiledWordPrim;kwCompiledWordContainer;kwDualCompiledWordContainer;kwRuntimeWordWithCode;kwForwardDeclarationHolder;kwCompiledWordWorker;tfwWordRefList;tfwScriptEngineExInterfaces;tfwScriptingTypes;TypInfo;SysUtils;tfwTypeRegistrator;kwCompiledWordWorkerWordRunner;kwCompiledWordWorkerWord;kwCompiledIfElse
ArrayProcessingPack;tfwScriptingInterfaces;tfwBeginLikeWord;kwCloseBracket;kwBeginLikeCompiledCode;tfwRegisterableWord;tfwAxiomaticsResNameGetter;tfwTypeInfo;tfwClassLike;l3PureMixIns;tfwArray;SysUtils;kwCompiledWordPrim;tfwRevertedArrayView;tfwFilteredArrayView;tfwMappedArrayView;tfwIteratorFromFunctor;tfwJoinIterator;tfwTruncatedArrayView;tfwSliceView;tfwScriptingTypes;TypInfo;tfwTypeRegistrator
kwCheckEtalon;tfwRegisterableWord;tfwScriptingInterfaces
kwCompiledTryFinally;kwDualCompiledWordContainer;tfwScriptingInterfaces;tfwClassRef
l3Types
tfwMainDictionaryWordsPack;tfwScriptingInterfaces;tfwMainDictionary;tfwClassLike;tfwScriptingTypes;TypInfo;SysUtils;tfwTypeRegistrator
tfwMainDictionaryCache;l3Interfaces;tfwMainDictionaryList;l3Types;l3Base;l3String
kwWStringEndsText;tfwDualWStrWord;l3Interfaces;tfwScriptingInterfaces;l3String;SysUtils;l3Base
kwWStringVarInc;tfwVarWorker;kwCompiledVarWorker;kwCompiledWStringVarInc
l3Variant
l3MinMax
kwCompiledRules;kwRuntimeWordWithCode;tfwScriptingInterfaces;tfwClassRef
tfwTypeInfoList;tfwTypeInfoListPrim
kwPopObjectGetStrProp;kwObjectFromStackWord;tfwScriptingInterfaces;TypInfo
tfwFileStreamFactory;tfwStreamFactory;l3BaseStream;SysUtils;l3Stream;l3Types;l3FileUtils
tfwInitedDictionariesList;tfwDictionaryExPrim;l3ProtoDataContainer;l3Types;l3Memory;l3Interfaces;l3Core;l3Except;Classes;l3Base;l3MinMax;RTLConsts;SysUtils
kwIntegerList;l3ProtoDataContainer;kwInteger;l3Types;l3Memory;l3Interfaces;l3Core;l3Except;Classes;l3Base;l3MinMax;RTLConsts;SysUtils
kwInnerIncludedInChildren;kwCompiledWord;kwInnerIncluded;tfwScriptingInterfaces;SysUtils
tfwBeginLikeWord;tfwAnonimousWord;tfwScriptingInterfaces;kwCompiledWordPrim;kwBeginLikeCompiledCode
l3StringList
tfwStoredValuesStack;l3ProtoDataContainer;tfwScriptingInterfaces;l3Types;l3Memory;l3Interfaces;l3Core;l3Except;Classes;l3PureMixIns;tfwDictionaryPrim;tfwStoredValues;tfwArray;l3Base;l3MinMax;RTLConsts;SysUtils
tfwTypeModifier;TypInfo;kwModifier;tfwTypeInfo;SysUtils
tfwEnumRegistrator;TypInfo;tfwEnumConstantRegistrator;tfwRegisteredEnums;tfwIntegerToEnumName;tfwTypeModifier
tfwMappedArrayView;tfwLambdedArrayView;tfwScriptingInterfaces
kwWStringEnds;tfwDualWStrWord;l3Interfaces;tfwScriptingInterfaces;l3String;SysUtils;l3Base
kwBEGIN;tfwBeginLikeWord;tfwScriptingInterfaces;kwEND
kwMouseSetCursorPosition;tfwRegisterableWord;tfwScriptingInterfaces;Windows
kwCompiledProcedure;tfwScriptingInterfaces;kwCompiledWord;tfwClassRef;tfwScriptingTypes;l3String
kwPopObjectInherits;kwObjectFromStackWord;tfwScriptingInterfaces;SysUtils
CodeBranchingPack;tfwBeginLikeWord;kwRULES;kwCompiledRules;kwStandardProcedureCloseBracket;kwIfElse;kwElse;kwCASE;kwDEFAULT;kwRAISE;kwBracketBegin;kwBEGIN;tfwScriptingTypes
kwCompiledMain;kwCompiledWord;tfwScriptingInterfaces;tfwClassRef
tfwScriptEnginePrim;l3Interfaces;tfwScriptingInterfaces;tfwValueStack;tfwCompilingWord;tfwWordRefList;tfwStreamFactory;tfwSourcePointList;tfwDictionaryStack;tfwDictionaryEx;tfwMainDictionary;tfwDictionaryList;tfwInitedDictionariesList;tfwScriptEngineExInterfaces;kwCompiledWordPrim;l3Variant;tfwTypeInfo;Types;tfwDictionaryPrim;l3Base;l3String;SysUtils;l3StringList;l3Types;tfwParser;l3Filer;l3Parser;l3Chars;l3Stream;tfwStoredValuesStack;tfwAutoregisteredDiction;l3Memory;seWordsInfo;l3ScriptService;tfwArray;tfwParserInterfaces;tfwDictionaryListPrim;tfwDictionaryPtrList;tfwDictionaryCache;tfwStoredValuesGlobalStack;seThreadSupport;tfwMainDictionaryCache;tfwMainDictionaryList;tfwStandardDictionaries;ItfwScriptEngineWordsPack
l3ParserInterfaces
kwFORWARD;tfwNewWord;tfwScriptingInterfaces;kwCompiledWordPrim;kwForwardDeclaration;SysUtils
Controls
kwMouseGetCursorPosition;tfwRegisterableWord;tfwScriptingInterfaces;Windows
kwCompiledWStringVarInc;kwCompiledVarAsStringWorker;tfwScriptingInterfaces;l3Types;l3Interfaces;l3String
kwHardKey;Windows;tfwRegisterableWord;tfwScriptingInterfaces;Menus;SysUtils;Consts;l3MessagesService
tfwInitCodeWord;tfwScriptingInterfaces;tfwDictionaryExPrim;tfwWordRefList;l3Interfaces;l3Variant;tfwDictionaryEx;tfwAutoregisteredDiction;kwForwardDeclarationHolder;SysUtils
DateUtils
tfwFilteredArrayView;tfwLambdedArrayView;tfwScriptingInterfaces
tfwCStringArraySing;tfwCStringArray;l3Base
l3CloseFormHelper
tfwDictionary;l3Interfaces;tfwScriptingInterfaces;tfwDictionaryPrim;SysUtils;l3Types;l3String;Math;tfwDictionaryWordsPack
l3CProtoObject
tfwStringWords;kwWStringToString;kwWStringChar;kwWStringLen;kwWStringCodePage;kwWStringStarts;kwWStringEnds;kwWStringStartsText;kwWStringEndsText;kwWStringShift;kwWStringIsNil;kwWStringInc;kwWStringFirstChar;kwWStringVarInc;kwWStringVarShift;kwWStringVarPushCharAndInc;kwWStringHasAnyOf;kwWStringConsistsOf;kwWStringVarDecLen;kwWStringVarSplitTo;kwWStringVarRSplitTo;tfwIl3CStringPack;tfwScriptingTypes
tfwEnumConstantRegistrator;TypInfo;tfwIntegerConstantRegistrator;tfwScriptingInterfaces;SysUtils
l3ScriptService;l3ProtoObject;l3Base
l3EtalonsWorking
kwMain;tfwScriptingInterfaces;tfwScriptEnginePrim;tfwAxiomaticsResNameGetter;kwCompiledWordPrim;tfwStreamFactory;kwSystemIncluded;l3Memory;l3_String;SysUtils;l3String;l3Chars;l3Base;l3Stream;l3Types;kwCompiledMain;seThreadSupport;tfwFileStreamFactory;tfwCOMStreamFactory;tfwStringStreamFactory;l3EtalonsService;tfwResourceStreamFactory;tfwAutoregisteredDiction;tfwAxiomaticsResNameGetters;tfwCompiledAxiomaticsRes
tfwCompilingWord;l3Interfaces;tfwScriptingInterfaces;kwCompiledWordPrim;tfwRegisterableWord;l3Parser;kwCompiledWord;kwInteger;kwString;SysUtils;TypInfo;l3Base;l3ParserInterfaces;kwIntegerFactory;kwStringFactory;l3String;l3Chars;StrUtils
tfwResourceStreamFactory;tfwStreamFactory;l3BaseStream;l3Stream;Windows;StrUtils;SysUtils;l3FileUtils;l3String;l3Interfaces;tfwCStringFactory
seModalWorkerList;seModalWorkerListPrim;l3Base
kwWStringChar;tfwWStrWord;l3Interfaces;tfwScriptingInterfaces;l3String;SysUtils;l3Base
kwInnerIncluded;kwIncluded;tfwScriptingInterfaces;l3ParserInterfaces
tfwCStringFactory;l3Interfaces;tfwCStringList;l3Variant;l3Base;l3String;tfwCStringArraySing;tfwCStringArraySing2;l3Types
l3RTTI
kwRuntimeWordWithCodeExecution;kwRuntimeWordWithCode;tfwScriptingInterfaces
kwStringList;l3Interfaces;kwStringListPrim;l3Types;l3String
l3ModalService
l3StringEx
kwStringListPrim;l3ProtoDataContainer;kwString;l3Types;l3Memory;l3Interfaces;l3Core;l3Except;Classes;l3String;l3Base;l3MinMax;RTLConsts;SysUtils
tfwDualWStrWord;l3Interfaces;tfwScriptingInterfaces;tfwWStrWord;l3String;SysUtils;l3Base
tfwCodeIterator;tfwWordsIterator;SysUtils
tfwDictionaryWordsPack;l3Interfaces;tfwDictionary;tfwScriptingInterfaces;tfwClassLike;tfwMembersIterator;tfwScriptEngineExInterfaces;tfwKeywordsIterator;tfwScriptingTypes;TypInfo;SysUtils;tfwTypeRegistrator
tfwConst;tfwConstLike;tfwScriptingInterfaces
tfwAxiomaticsResNameGetters;tfwAxiomaticsResNameGetterList;l3Base
tfwCStringListPrim;l3Interfaces;l3ProtoDataContainer;l3Types;l3Memory;l3Core;l3Except;Classes;l3String;l3Base;l3MinMax;RTLConsts;SysUtils
tfwRegisteredEnums;tfwRTTITypeInfoList;l3Base
tfwIteratorFromFunctor;tfwScriptingInterfaces;tfwArray;tfwIteratableParent;l3PureMixIns;SysUtils
tfwDictionaryStack;tfwDictionaryListPrim
kwCompiledVarWorker;tfwScriptingInterfaces;kwCompiledWordWorker;tfwAnonimousWord;tfwVarWorker
tfwProcedure;l3Interfaces;tfwNewWord;tfwScriptingInterfaces;kwCompiledWordPrim;kwStandardProcedureCloseBracket;kwCompiledWordWorkerWord;SysUtils;kwCompiledProcedure;kwCompiledFunction;kwCompiledProcedureWithStackChecking;kwInlinedWord
kwObjectFromStackWord;tfwScriptingInterfaces;tfwRegisterableWord
kwRAISE;tfwRegisterableWord;tfwScriptingInterfaces;SysUtils
kwCompiledProcedureWithStackChecking;kwCompiledProcedure;tfwScriptingInterfaces
tfwCOMStreamFactory;l3Interfaces;tfwStreamFactory;l3BaseStream;l3Stream;Classes;SysUtils
RTTIPack;kwPopObjectGetObjProp;kwPopObjectSetOrdProp;kwPopObjectGetOrdProp;kwPopObjectSetStrProp;kwPopObjectGetStrProp;kwPopObjectRTTIInfo;kwPopObjectGetFloatProp;kwPopObjectSetFloatProp;kwPopObjectGetInterfaceProp;kwPopObjectHasProp;tfwScriptingTypes
seModalWorkerListPrim;l3ProtoDataContainer;seModalWorker;l3Memory;l3Interfaces;l3Types;l3Core;l3Except;Classes;l3Base;l3MinMax;RTLConsts;SysUtils
kwCompiledWord;tfwDictionary;tfwWordRefList;kwRuntimeWordWithCodeExecution;tfwScriptingInterfaces;l3Interfaces;tfwDictionaryPrim;l3Variant;SysUtils;tfwStoredValues;tfwArray;kwLeftParam;l3String
kwWStringToString;tfwWStrWord;l3Interfaces;tfwScriptingInterfaces;l3String;SysUtils;l3Base
kwVarWorkerCompiledCode;kwTemporaryCompiledCode
l3AFWExceptions
kwKeyDown;tfwRegisterableWord;tfwScriptingInterfaces;Windows;Menus;Classes;Messages;SysUtils;l3MessagesService
kwModifier;tfwRegisterableWord;tfwTypeInfo;tfwScriptingInterfaces
kwCompiledWordWorkerEx;tfwScriptingInterfaces;kwCompiledWordWorker;tfwAnonimousWord;tfwWordWorker
l3Base
l3PicturePathService
Menus
tfwKeywordsIterator;tfwScriptingInterfaces;tfwDictionaryPrim;tfwMembersIteratorPrim;l3PureMixIns
kwCompiledScriptCompileAndProcess;tfwScriptingInterfaces;kwCompiledWordWorker;l3Interfaces;tfwFileStreamFactory;kwMain;kwMainCodeController;SysUtils
tfwDictionaryEx;l3Interfaces;tfwDictionary;tfwScriptingInterfaces;tfwStreamFactory;tfwDictionaryPtrList;tfwDictionaryExPrim;tfwInitedDictionariesList;tfwInitCodeWord;SysUtils;Math;tfwAutoregisteredDiction;l3String;tfwDictionaryExWordsPack
kwBeginLikeCompiledCode;kwCompiledWord;tfwScriptingInterfaces
l3CStringDataObject
kwCompiledVarAsStringWorker;kwCompiledVarWorker;l3Types;l3Interfaces;l3String
kwWStringCodePage;tfwWStrWord;l3Interfaces;tfwScriptingInterfaces;l3String;SysUtils;l3Base
tfwAnonimousWord;tfwScriptingInterfaces;tfwCompilingWord
tfwIntegerToEnumName;TypInfo;tfwRegisterableWordPrim;tfwScriptingInterfaces;SysUtils;tfwStringToEnumValue
kwElse;tfwWordWorker;tfwScriptingInterfaces;kwCompiledWordPrim;kwCompiledWordWorker;kwCompiledWord;kwCompiledIfElse
NewWordDefinitorPack;l3Interfaces;tfwScriptingInterfaces;kwCompiledVar;tfwClassLike;tfwScriptingTypes;TypInfo;SysUtils;tfwTypeRegistrator
l3SysUtils
kwCompiledWStringShift;kwCompiledVarAsStringWorker;tfwScriptingInterfaces;l3Types;l3Interfaces;l3String
kwMouseWheelUp;kwMouseWheelSupport;tfwScriptingInterfaces;Windows
l3PureMixIns
tfwDictionaryListPrim;tfwDictionaryEx;l3ProtoDataContainer;l3Types;l3Memory;l3Interfaces;l3Core;l3Except;Classes;l3Base;l3MinMax;RTLConsts;SysUtils
VarWorkingPack;tfwConst;tfwTypeInfo;tfwScriptingTypes
tfwConstLike;tfwNewWord;tfwScriptingInterfaces;kwCompiledWordPrim;kwRuntimeWordWithCodeExecution;kwConstLikeCompiled
tfwStandardDictionaries;l3Interfaces;tfwStandardDictionary;tfwStandardDictionaryList;l3Base;l3String;SysUtils
kwWStringLen;tfwWStrWord;l3Interfaces;tfwScriptingInterfaces;l3String;SysUtils;l3Base
kwWStringHasAnyOf;tfwDualWStrWord;l3Interfaces;tfwScriptingInterfaces;l3Chars;l3String;SysUtils;l3Base
tfwRevertedArrayView;tfwArrayView;tfwScriptingInterfaces
seModalSupport;l3ProtoObject;tfwScriptingInterfaces;l3ModalService;l3MessagesService;l3Base;seModalWorkerList;seModalWorker;l3AFWExceptions;l3BatchService
kwTemporaryCompiledCode;kwRuntimeWordWithCode;tfwScriptingInterfaces
kwWStringVarDecLen;tfwVarWorker;kwCompiledVarWorker;kwCompiledWStringVarDecLen
kwWStringConsistsOf;tfwDualWStrWord;l3Interfaces;tfwScriptingInterfaces;l3Chars;l3String;SysUtils;l3Base
tfwStreamFactory;l3BaseStream;l3ProtoObject;SysUtils
kwWordPtrWorker;tfwScriptingInterfaces
tfwLambdedArrayView;tfwScriptingInterfaces;kwCompiledWordWorker;tfwArrayView;l3PureMixIns;SysUtils
tfwTypeInfo;TypInfo;tfwScriptingExceptions;l3Interfaces;SysUtils;Classes;TypeInfoPack;VarWorkingPack;l3String;tfwScriptingTypes;tfwScriptingInterfaces
KeyWordPack;l3Interfaces;tfwDictionary;tfwScriptingInterfaces;tfwClassLike;tfwScriptEngineExInterfaces;tfwScriptingTypes;TypInfo;SysUtils;tfwTypeRegistrator
kwWaitYes;tfwRegisterableWord;tfwScriptingInterfaces;l3BatchService;Controls
kwWaitCancel;tfwRegisterableWord;tfwScriptingInterfaces;l3BatchService;Controls
kwBracketEnd;kwCloseBracket
kwWStringStarts;tfwDualWStrWord;l3Interfaces;tfwScriptingInterfaces;l3String;SysUtils;l3Base
kwPopObjectHasProp;kwObjectFromStackWord;tfwScriptingInterfaces;TypInfo
Classes
tfwScriptEngineExInterfaces;tfwWordRefList;tfwMainDictionary;tfwDictionaryList;tfwInitedDictionariesList
kwCompiledVar;kwCompiledWordPrim;tfwScriptingInterfaces;tfwTypeInfo;tfwKeyWordPrim;tfwArray;l3Base;TypInfo;l3String
kwRULES;tfwBeginLikeWord;tfwScriptingInterfaces;kwCompiledWordPrim;kwCompiledRules;kwStandardProcedureCloseBracket
tfwJoinIterator;tfwScriptingInterfaces;tfwIteratableParent;l3PureMixIns
tfwDictionaryPtrListIterator;tfwScriptingInterfaces;tfwDictionaryEx;tfwDictionaryPtrList;tfwDictionaryDataIteratorPrim;l3PureMixIns;tfwDictionary
tfwClassLike;tfwScriptingInterfaces;tfwRegisterableWord;kwCompiledWordPrimPrim;tfwTypeInfo
tfwDictionaryDataIteratorPrim;tfwIteratableParent;tfwDictionaryEx;SysUtils
tfwDictionaryListIterator;tfwDictionaryList;tfwScriptingInterfaces;tfwIteratableParent;l3PureMixIns;SysUtils;tfwDictionary
JclSysInfo
kwCompiledIF;kwDualCompiledWordContainer;tfwScriptingInterfaces;SysUtils;l3Base
MouseInputPack;kwMouseLeftDown;kwMouseLeftUp;kwMouseMiddleUp;kwMouseMiddleDown;kwMouseRightUp;kwMouseRightDown;kwMouseSetCursorPosition;kwMouseGetCursorIndex;kwMouseGetCursorNameByIndex;kwMouseGetCursorPosition;kwMouseWheelUp;kwMouseWheelDown;tfwScriptingTypes
l3Memory
tfwIncludeLike;tfwScriptingInterfaces;tfwCompilingWord;kwIncluded;kwCompiledWordPrim;l3Interfaces;l3String;SysUtils;l3Types
kwUses;kwUsesLike
tfwStandardDictionary;tfwDictionaryEx
kwRuntimeWordWithCode;kwCompiledWordPrim;tfwScriptingInterfaces;tfwWordRefList;SysUtils;kwForwardDeclarationHolder
tfwArray;tfwScriptingInterfaces;tfwValueList;l3PureMixIns
kwPopObjectRTTIInfo;kwObjectFromStackWord;tfwScriptingInterfaces;l3RTTI
kwCompiledIncluded;kwCompiledWordPrim;tfwScriptingInterfaces;SysUtils
tfwRTTIProperty;TypInfo;tfwRegisterableWordPrim;tfwScriptingInterfaces;tfwTypeInfo;SysUtils;l3String
tfwWordsIterator;tfwScriptingInterfaces;tfwWordRefList;tfwIteratableParent;l3PureMixIns;SysUtils
tfwNewWord;l3Interfaces;tfwScriptingInterfaces;tfwCompilingWord;kwCompiledWordPrim;SysUtils;l3String;l3Parser;kwForwardDeclaration
kwEXCEPT;kwMedianBacket
EtalonsWorkingPack;tfwRegisterableWord;kwCheckOutputWithInput;kwCheckEtalon;kwTestResolveInputFilePath;l3EtalonsService;tfwScriptingTypes;tfwScriptingInterfaces;TypInfo;SysUtils
tfwInterfaceRegistrator;TypInfo;tfwStringConstantRegistrator;l3String;tfwScriptingInterfaces;SysUtils;tfwTypeModifier
tfwWordInfoCache;tfwScriptingInterfaces;tfwWordInfoList;tfwScriptingTypes;l3Base;SysUtils
FileProcessingPack;l3Interfaces;l3Types;l3Filer;l3CProtoObject;tfwScriptingInterfaces;tfwRegisterableWord;tfwWordWorkerEx;tfwAxiomaticsResNameGetter;tfwTypeInfo;tfwClassLike;SysUtils;l3String;l3FileUtils;tfwScriptingTypes;TypInfo;tfwTypeRegistrator
kwWStringStartsText;tfwDualWStrWord;l3Interfaces;tfwScriptingInterfaces;l3String;SysUtils;l3Base
kwMouseGetCursorIndex;tfwRegisterableWord;tfwScriptingInterfaces;Messages;Windows;Forms;Controls
kwWaitOk;tfwRegisterableWord;tfwScriptingInterfaces;l3BatchService;Controls
kwCompiledWStringVarPushCharAndInc;kwCompiledVarAsStringWorker;tfwScriptingInterfaces;l3Types;l3Interfaces;l3String
tfwValueTypesWordsPack;l3Interfaces;tfwScriptingInterfaces;tfwValueTypes;tfwClassLike;tfwScriptingTypes;TypInfo;SysUtils;tfwTypeRegistrator
tfwDictionaryExWordsPack;l3Interfaces;tfwScriptingInterfaces;tfwDictionaryEx;tfwAxiomaticsResNameGetter;tfwClassLike;tfwDictionaryDataIteratorPrim;tfwExportedDictionariesIterator;tfwUsedDictionariesIterator;l3DateSt;tfwMainDictionaryCache;tfwDictionaryCache;tfwMainDictionary;tfwMembersIterator;tfwDictionaryWordsPack;tfwScriptEngineExInterfaces;tfwScriptingTypes;TypInfo;SysUtils;tfwTypeRegistrator
kwCompiledFunction;kwCompiledVar;kwCompiledProcedureWithStackChecking;tfwScriptingInterfaces;tfwKeyWordPrim;l3Base;SysUtils;tfwClassRef
kwInlinedWord;kwCompiledWord;tfwScriptingInterfaces
kwPopObjectSetFloatProp;kwObjectFromStackWord;tfwScriptingInterfaces;TypInfo
kwPopObjectIsNil;kwObjectFromStackWord;tfwScriptingInterfaces
tfwString;tfwRegisterableWord;TypInfo;tfwScriptingInterfaces;l3Base;l3Except;tfwScriptingTypes
l3BaseStream
kwSendInputSupport;Windows;tfwScriptingInterfaces;tfwRegisterableWord
kwForwardDeclaration;tfwScriptingInterfaces;tfwDictionaryPrim;SysUtils;tfwClassRef;kwForwardDeclarationHolder
tfwExportedDictionariesIterator;tfwDictionaryPtrListIterator
tfwAxiomaticsResNameGetter;tfwAxiomaticsResNameGetters
kwIncludesInChildren;kwUsesLike;tfwScriptingInterfaces;kwIncluded;kwInnerIncludedInChildren;kwCompiledProcedure;kwCompiledWord;kwCompiledWordPrim;SysUtils;tfwScriptingTypes
tfwDictionaryPtrList;l3ProtoDataContainer;tfwDictionaryExPrim;l3Types;l3Memory;l3Interfaces;l3Core;l3Except;Classes;l3Base;l3MinMax;RTLConsts;SysUtils
kwMedianBacket;tfwRegisterableWord;tfwScriptingInterfaces
tfwStoredValuesGlobalStack;tfwStoredValuesStack;l3Base
CodeFlowWordsPack;tfwScriptingInterfaces;tfwWordWorkerEx;seModalSupport;l3AFWExceptions;seThreadSupport;tfwScriptingTypes;TypInfo;SysUtils;tfwTypeRegistrator
kwLeftParam;l3ProtoObject;tfwScriptingInterfaces;kwCompiledWordPrim;tfwTypeInfo;tfwValueTypes;l3Base;TypInfo;l3String
kwPopObjectGetInterfaceProp;kwObjectFromStackWord;tfwScriptingInterfaces;TypInfo
kwScriptCompileAndProcess;tfwWordWorker;tfwScriptingInterfaces;kwCompiledWordWorker;kwCompiledScriptCompileAndProcess
tfwValueList;l3ProtoDataContainer;tfwScriptingInterfaces;l3Memory;l3Interfaces;l3Types;l3Core;l3Except;Classes;l3Base;l3MinMax;RTLConsts;SysUtils
ItfwParserExWordsPack;l3Interfaces;tfwScriptingInterfaces;tfwParserInterfaces;tfwClassLike;l3Parser;tfwScriptingTypes;TypInfo;SysUtils;tfwTypeRegistrator
kwINCLUDES;kwUsesLike;kwIncluded;kwInnerIncluded
kwForwardDeclarationHolder;tfwScriptingInterfaces;l3Interfaces
l3FileUtils
kwWStringIsNil;tfwWStrWord;l3Interfaces;tfwScriptingInterfaces;l3String;SysUtils;l3Base
kwCompiledWordWorkerWordRunner;tfwScriptingInterfaces;tfwWordRefList;kwCompiledWordWorker;tfwTypeInfo;SysUtils;kwRuntimeWordWithCode;tfwClassRef
seWordsInfo;l3Interfaces;tfwScriptingInterfaces;l3String
tfwTypeRegistrator;TypInfo;Graphics;tfwEnumRegistrator;tfwClassRef;tfwInterfaceRegistrator;tfwTypeModifier;tfwEnumConstantRegistrator
kwValue;tfwScriptingInterfaces;tfwTypeInfo;l3Interfaces
tfwStandardDictionaryList;l3Interfaces;tfwStandardDictionaryListPrim;l3Types;l3String
tfwRegisterableWordPrim;tfwScriptingInterfaces;tfwAutoregisteredDiction
l3String
l3Utils
RTLConsts
tfwWordInfoList;tfwWordInfoListPrim;tfwScriptingTypes;l3Types
tfwCachedTokens;tfwCStringList
tfwCompiledAxiomaticsRes;l3StringList;l3Base
kwWStringShift;tfwWStrWord;l3Interfaces;tfwScriptingInterfaces;l3Types;l3String;SysUtils;l3Base
tfwUsedDictionariesIterator;tfwDictionaryPtrListIterator
seModalWorker;tfwScriptingInterfaces
kwMouseRightDown;kwMouseUpDownSupport;Windows
kwSystemIncluded;kwIncludedPrim;tfwStreamFactory;tfwScriptingInterfaces;tfwCOMStreamFactory;SysUtils
kwPopObjectSetOrdProp;kwObjectFromStackWord;tfwScriptingInterfaces;TypInfo
tfwStandardDictionaryListPrim;tfwStandardDictionary;l3ProtoDataContainer;l3Types;l3Memory;l3Interfaces;l3Core;l3Except;Classes;l3String;l3Base;l3MinMax;RTLConsts;SysUtils
tfwValueTypes;l3Interfaces;TypInfo;tfwTypeInfo;tfwTypeInfoList;SysUtils;l3String;tfwCStringFactory;tfwValueTypesCache;tfwScriptingInterfaces;tfwValueTypesWordsPack
tfwSysUtilsWord;tfwRegisterableWord;SysUtils;l3String;l3Base
kwMouseMiddleUp;kwMouseUpDownSupport;Windows
tfwRegisterableWord;tfwRegisterableWordPrim;tfwAutoregisteredDiction
kwConstLikeCompiled;kwRuntimeWordWithCodeExecution;TypInfo;tfwScriptingInterfaces
tfwKeyWordPrim;l3Interfaces;l3Variant
tfwParser;l3Interfaces;l3Filer;l3ProtoObject;l3ProtoDataContainer;l3Parser;tfwParserInterfaces;tfwCachedTokens;tfwStreamFactory;l3Memory;l3Types;l3Core;l3Except;Classes;l3Base;l3MinMax;RTLConsts;SysUtils;ItfwParserWordsPack;ItfwParserExWordsPack;l3Chars;l3FileUtils;l3DateSt;tfwCStringFactory;l3Variant;l3String;l3_String
tfwValueTypesList;tfwTypeInfo;tfwValueTypesListPrim;l3Types
tfwStringStreamFactory;tfwStreamFactory;l3BaseStream;l3Memory;l3String;SysUtils
kwSourcePointWord;l3Interfaces;tfwScriptingInterfaces;SysUtils
tfwTypeInfoListPrim;l3ProtoDataContainer;tfwTypeInfo;l3Memory;l3Interfaces;l3Types;l3Core;l3Except;Classes;l3Base;l3MinMax;RTLConsts;SysUtils
kwString;l3Interfaces;tfwRegisterableWordPrim;TypInfo;tfwScriptingInterfaces;tfwScriptingTypes
kwWStringVarShift;tfwVarWorker;kwCompiledVarWorker;kwCompiledWStringShift
tfwTruncatedArrayView;tfwLambdedArrayView;tfwScriptingInterfaces
kwCompiledWStringVarDecLen;kwCompiledVarAsStringWorker;tfwScriptingInterfaces;l3Types;l3Interfaces;l3String
tfwValueStack;tfwScriptingInterfaces;tfwValueList;tfwTypeInfo;l3Interfaces;l3Variant;Types;l3String;l3Base;l3StringEx
kwWStringVarSplitTo;tfwVarWorker;kwCompiledVarWorker;kwCompiledWStringVarSplitTo
l3BatchService
ModalDialogsKeywordsPack;kwWasWait;kwWaitNo;kwWaitOk;kwWaitYes;kwWaitCancel;kwWaitChoice;tfwScriptingTypes
kwWaitNo;tfwRegisterableWord;tfwScriptingInterfaces;l3BatchService;Controls
kwPopObjectSetStrProp;kwObjectFromStackWord;tfwScriptingInterfaces;TypInfo
WinUtilsPack;Types;Windows;tfwScriptingInterfaces;tfwRegisterableWord;tfwTypeInfo;SysUtils;Messages;CommCtrl;l3ImageUtils;Forms;Controls;l3CloseFormHelper;Graphics;l3PicturePathService;tfwScriptingTypes;TypInfo;tfwTypeRegistrator
kwInteger;tfwScriptingInterfaces;TypInfo;l3Interfaces;SysUtils
kwCheckOutputWithInput;tfwRegisterableWord;tfwScriptingInterfaces
kwKey;tfwRegisterableWord;tfwScriptingInterfaces;Windows;Menus;Classes;Messages;l3MessagesService
tfwArrayView;l3ProtoObject;tfwScriptingInterfaces;l3PureMixIns
kwCompiledTryExcept;kwDualCompiledWordContainer;tfwScriptingInterfaces;SysUtils;StrUtils
tfwInteger;tfwRegisterableWord;TypInfo;tfwScriptingInterfaces;l3Except;l3Base
kwMouseWheelSupport;tfwScriptingInterfaces;kwSendInputSupport;Windows;l3Base
kwMouseUpDownSupport;kwSendInputSupport;Windows;tfwScriptingInterfaces;l3Base
tfwDictionaryList;tfwDictionaryEx;l3ProtoDataContainer;l3Types;l3Memory;l3Interfaces;l3Core;l3Except;Classes;tfwDictionaryExPrim;l3Base;l3MinMax;RTLConsts;SysUtils;l3String
kwWasWait;tfwRegisterableWord;tfwScriptingInterfaces;l3BatchService;Controls
tfwIteratableParent;l3PureMixIns;l3ProtoObject;tfwScriptingInterfaces
tfwValueTypesListPrim;l3ProtoDataContainer;tfwValueTypes;l3Types;l3Memory;l3Interfaces;l3Core;l3Except;Classes;l3Base;l3MinMax;RTLConsts;SysUtils
kwCloseBracket;tfwRegisterableWord;tfwScriptingInterfaces;l3String
SysUtilsPack;l3Interfaces;tfwScriptingInterfaces;tfwRegisterableWord;tfwAxiomaticsResNameGetter;tfwTypeInfo;l3TabService;l3SysUtils;Windows;JclSysInfo;l3Base;l3String;SysUtils;Classes;DateUtils;Graphics;Forms;Clipbrd;l3Utils;l3CStringDataObject;l3Chars;tfwScriptingTypes;TypInfo;tfwTypeRegistrator
kwCompiledCase;kwRuntimeWordWithCode;tfwScriptingInterfaces;tfwClassRef
kwTestResolveInputFilePath;tfwRegisterableWord;tfwScriptingInterfaces
Windows
tfwCStringList;l3Interfaces;tfwCStringListPrim;l3Types;l3String
Forms
tfwWordWorkerEx;tfwWordWorker;tfwScriptingInterfaces;kwCompiledWordWorker;kwCompiledWordWorkerEx
kwStandardProcedureCloseBracket;kwCloseBracket
kwMouseLeftDown;kwMouseUpDownSupport;Windows
kwMouseWheelDown;kwMouseWheelSupport;tfwScriptingInterfaces;Windows
tfwDictionaryExPrim;tfwDictionary
tfwDictionaryPrimPrimPrim;l3ProtoDataContainer;l3Variant;l3Types;l3Memory;l3Interfaces;l3Core;l3Except;Classes;l3String;l3Base;l3MinMax;RTLConsts;SysUtils
kwPopObjectGetFloatProp;kwObjectFromStackWord;tfwScriptingInterfaces;TypInfo
tfwMembersIteratorPrim;tfwDictionaryPrim;tfwIteratableParent;SysUtils
kwCompiledWordWorkerWord;tfwScriptingInterfaces;tfwWordWorker;kwCompiledWordWorkerWordRunner;kwTemporaryCompiledCode;tfwScriptingTypes;kwCompiledWordPrim;tfwDictionaryPrim;kwCompiledWordWorker;SysUtils;tfwWordRefList;kwCompiledWordWorkerWordPack
kwDualCompiledWordContainer;tfwScriptingInterfaces;kwCompiledWordContainer;l3Base;SysUtils;tfwClassRef
kwTryFinally;tfwDualWord;tfwScriptingInterfaces;kwDualCompiledWordContainer;kwCompiledWordPrim;kwCompiledTryFinally;kwCompiledTryExcept;kwEND;kwFINALLY;kwEXCEPT
tfwWordWorker;tfwScriptingInterfaces;tfwAnonimousWord;kwCompiledWordWorker;kwCompiledWordPrim;kwTemporaryCompiledCode;SysUtils
kwWStringInc;tfwWStrWord;l3Interfaces;tfwScriptingInterfaces;l3Types;l3String;SysUtils;l3Base
kwMouseRightUp;kwMouseUpDownSupport;Windows
kwStringFactory;l3Interfaces;kwString;kwStringList;l3Base;SysUtils;l3String
kwPopObjectGetOrdProp;kwObjectFromStackWord;tfwScriptingInterfaces;TypInfo
seThreadSupport;Classes;l3ProtoDataContainer;tfwScriptingInterfaces;l3Types;l3Memory;l3Interfaces;l3Core;l3Except;SysUtils;l3Base;l3MinMax;RTLConsts
BasicsPack;l3Interfaces;tfwScriptingInterfaces;kwCompiledWordWorker;tfwConstLike;tfwParserInterfaces;tfwRegisterableWord;tfwWordWorkerEx;tfwAxiomaticsResNameGetter;tfwTypeInfo;l3String;l3Chars;kwCompiledWordPrim;Windows;l3MessagesService;tfwClassRef;Classes;l3Math;l3Base;kwInteger;kwString;kwValue;kwWordPtrPushWord;tfwScriptingTypes;TypInfo;SysUtils;tfwTypeRegistrator
tfwParserInterfaces;l3Interfaces;l3Parser
l3DateSt
CompilationPack;kwFORWARD;tfwScriptingTypes
kwCompiledWStringVarRSplitTo;kwCompiledVarAsStringWorker;tfwScriptingInterfaces;l3Types;l3Interfaces;l3String
kwCompiledIfElse;tfwScriptingInterfaces;kwCompiledIF;SysUtils
tfwClassRef;tfwRegisterableWordPrim;TypInfo;tfwScriptingInterfaces;SysUtils;l3Except;l3Base;StrUtils;tfwTypeModifier;tfwScriptingTypes;tfwRTTIProperty;tfwEnumRegistrator;tfwTypeRegistrator
l3_String
kwEmitString;tfwRegisterableWord;tfwScriptingInterfaces;l3String;Windows;Messages;l3Chars;l3Interfaces
tfwCStringArray;l3Interfaces;tfwCStringList;l3Base
l3TabService
l3Filer
TypInfo
kwDEFAULT;tfwRegisterableWord;tfwScriptingInterfaces
tfwMainDictionary;tfwScriptingInterfaces;tfwDictionaryEx;l3Interfaces;tfwDictionary;tfwMainDictionaryWordsPack
tfwDictionaryPrim;l3Interfaces;tfwDictionaryPrimPrim;l3Variant;l3Types;l3String
tfwSliceView;tfwScriptingInterfaces;kwCompiledWordWorker;tfwValueList;tfwArrayView;l3PureMixIns;SysUtils
kwWStringFirstChar;tfwWStrWord;l3Interfaces;tfwScriptingInterfaces;l3String;SysUtils;l3Base
CommCtrl
l3Except
Types
l3EtalonsService
KeyboardInputPack;tfwAxiomaticsResNameGetter;kwKey;kwHardKey;kwKeyDown;kwKeyUp;tfwScriptingTypes
l3Math
tfwValueTypesCache;tfwValueTypes;tfwValueTypesList;l3Base
l3Interfaces
l3Stream
kwIncludedPrim;tfwScriptingInterfaces;tfwCompilingWord;tfwStreamFactory;kwCompiledWordPrim;kwCompiledIncluded;tfwParser;tfwParserInterfaces
tfwStringConstantRegistrator;l3Interfaces;tfwString;tfwScriptingInterfaces;SysUtils;l3String
tfwVarWorker;tfwBeginLikeWord;kwCompiledVarWorker;tfwScriptingInterfaces;kwCompiledWordPrim;SysUtils;kwVarWorkerCompiledCode
tfwDictionaryPrimPrim;tfwDictionaryPrimPrimPrim;l3Interfaces;l3Types;l3String
Math
kwPopObjectClassName;kwObjectFromStackWord;tfwScriptingInterfaces
kwCompiledWordContainer;tfwScriptingInterfaces;kwSourcePointWord;SysUtils;l3Base
kwKeyUp;tfwRegisterableWord;tfwScriptingInterfaces;Windows;Menus;Classes;Messages;SysUtils;l3MessagesService
